DATETIME,ERRORLEVEL,TAG,VALUE,LINE,FILE
"2013-08-06 12:40:43",INFO,--,"Nie udało się odnależć produktu:41",123,/home/demostrona/domains/demo.stronazen.pl/public_html/gackade/catalog/model/checkout/statistics.php
"2013-08-06 12:40:43",INFO,--,"Nie udało się odnależć produktu:28",123,/home/demostrona/domains/demo.stronazen.pl/public_html/gackade/catalog/model/checkout/statistics.php
"2013-08-06 12:40:43",INFO,--,"Nie udało się odnależć produktu:28",123,/home/demostrona/domains/demo.stronazen.pl/public_html/gackade/catalog/model/checkout/statistics.php
"2013-08-06 12:40:43",INFO,--,"Nie udało się odnależć produktu:30",123,/home/demostrona/domains/demo.stronazen.pl/public_html/gackade/catalog/model/checkout/statistics.php
"2013-08-31 09:08:34",INFO,--,"Nie udało się odnależć produktu:2544",123,/home/demostrona/domains/demo.stronazen.pl/public_html/gackade/catalog/model/checkout/statistics.php
"2013-09-01 09:37:55",INFO,--,"Nie udało się odnależć produktu:2544",123,/home/demostrona/domains/demo.stronazen.pl/public_html/gackade/catalog/model/checkout/statistics.php
"2013-09-02 06:48:31",INFO,--,"Nie udało się odnależć produktu:2544",123,/home/demostrona/domains/demo.stronazen.pl/public_html/gackade/catalog/model/checkout/statistics.php
"2013-09-02 06:49:49",INFO,--,"Nie udało się odnależć produktu:2544",123,/home/demostrona/domains/demo.stronazen.pl/public_html/gackade/catalog/model/checkout/statistics.php
"2013-09-02 06:50:01",INFO,--,"Nie udało się odnależć produktu:2544",123,/home/demostrona/domains/demo.stronazen.pl/public_html/gackade/catalog/model/checkout/statistics.php
"2013-09-02 13:13:20",INFO,--,"Nie udało się odnależć produktu:2544",123,/home/demostrona/domains/demo.stronazen.pl/public_html/gackade/catalog/model/checkout/statistics.php
"2013-09-02 13:13:26",INFO,--,"Nie udało się odnależć produktu:2544",123,/home/demostrona/domains/demo.stronazen.pl/public_html/gackade/catalog/model/checkout/statistics.php
"2013-09-02 13:55:52",INFO,--,"Nie udało się odnależć produktu:2544",123,/home/demostrona/domains/demo.stronazen.pl/public_html/gackade/catalog/model/checkout/statistics.php
"2013-09-02 14:06:40",INFO,--,"Nie udało się odnależć produktu:2544",123,/home/demostrona/domains/demo.stronazen.pl/public_html/gackade/catalog/model/checkout/statistics.php
"2013-09-02 14:12:55",INFO,--,"Nie udało się odnależć produktu:2544",123,/home/demostrona/domains/demo.stronazen.pl/public_html/gackade/catalog/model/checkout/statistics.php
"2013-09-02 14:16:16",INFO,--,"Nie udało się odnależć produktu:2544",123,/home/demostrona/domains/demo.stronazen.pl/public_html/gackade/catalog/model/checkout/statistics.php
"2013-09-02 15:09:12",INFO,--,"Nie udało się odnależć produktu:2544",123,/home/demostrona/domains/demo.stronazen.pl/public_html/gackade/catalog/model/checkout/statistics.php
"2013-09-02 15:09:19",INFO,--,"Nie udało się odnależć produktu:2544",123,/home/demostrona/domains/demo.stronazen.pl/public_html/gackade/catalog/model/checkout/statistics.php
"2013-09-02 15:09:41",INFO,--,"Nie udało się odnależć produktu:2544",123,/home/demostrona/domains/demo.stronazen.pl/public_html/gackade/catalog/model/checkout/statistics.php
"2013-09-02 15:17:12",INFO,--,"Nie udało się odnależć produktu:2544",123,/home/demostrona/domains/demo.stronazen.pl/public_html/gackade/catalog/model/checkout/statistics.php
"2013-09-02 20:48:30",INFO,--,"Nie udało się odnależć produktu:2544",123,/home/demostrona/domains/demo.stronazen.pl/public_html/gackade/catalog/model/checkout/statistics.php
"2013-09-02 20:48:38",INFO,--,"Nie udało się odnależć produktu:2544",123,/home/demostrona/domains/demo.stronazen.pl/public_html/gackade/catalog/model/checkout/statistics.php
"2013-09-02 20:48:53",INFO,--,"Nie udało się odnależć produktu:2544",123,/home/demostrona/domains/demo.stronazen.pl/public_html/gackade/catalog/model/checkout/statistics.php
"2013-09-02 20:48:55",INFO,--,"Nie udało się odnależć produktu:2544",123,/home/demostrona/domains/demo.stronazen.pl/public_html/gackade/catalog/model/checkout/statistics.php
"2013-09-02 21:21:17",INFO,--,"Nie udało się odnależć produktu:2544",123,/home/demostrona/domains/demo.stronazen.pl/public_html/gackade/catalog/model/checkout/statistics.php
"2013-09-03 11:14:25",INFO,--,"Nie udało się odnależć produktu:31",123,/home/demostrona/domains/demo.stronazen.pl/public_html/gackade/catalog/model/checkout/statistics.php
"2013-09-03 11:14:25",INFO,--,"Nie udało się odnależć produktu:31",123,/home/demostrona/domains/demo.stronazen.pl/public_html/gackade/catalog/model/checkout/statistics.php
"2013-09-03 11:14:25",INFO,--,"Nie udało się odnależć produktu:31",123,/home/demostrona/domains/demo.stronazen.pl/public_html/gackade/catalog/model/checkout/statistics.php
"2013-09-03 11:14:25",INFO,--,"Nie udało się odnależć produktu:2544",123,/home/demostrona/domains/demo.stronazen.pl/public_html/gackade/catalog/model/checkout/statistics.php
"2013-09-03 11:14:25",INFO,--,"Nie udało się odnależć produktu:74",123,/home/demostrona/domains/demo.stronazen.pl/public_html/gackade/catalog/model/checkout/statistics.php
"2013-09-03 11:46:39",INFO,--,"Nie udało się odnależć produktu:2544",123,/home/demostrona/domains/demo.stronazen.pl/public_html/gackade/catalog/model/checkout/statistics.php
"2013-09-03 11:50:53",INFO,--,"Nie udało się odnależć produktu:2544",123,/home/demostrona/domains/demo.stronazen.pl/public_html/gackade/catalog/model/checkout/statistics.php
"2013-09-03 11:52:24",INFO,--,"Nie udało się odnależć produktu:2544",123,/home/demostrona/domains/demo.stronazen.pl/public_html/gackade/catalog/model/checkout/statistics.php
"2013-09-03 11:53:26",INFO,--,"Nie udało się odnależć produktu:2544",123,/home/demostrona/domains/demo.stronazen.pl/public_html/gackade/catalog/model/checkout/statistics.php
"2013-09-03 12:21:48",INFO,--,"Nie udało się odnależć produktu:2544",123,/home/demostrona/domains/demo.stronazen.pl/public_html/gackade/catalog/model/checkout/statistics.php
"2013-09-03 12:24:47",INFO,--,"Nie udało się odnależć produktu:2544",123,/home/demostrona/domains/demo.stronazen.pl/public_html/gackade/catalog/model/checkout/statistics.php
"2013-09-03 12:41:07",INFO,--,"Nie udało się odnależć produktu:2544",123,/home/demostrona/domains/demo.stronazen.pl/public_html/gackade/catalog/model/checkout/statistics.php
"2013-09-03 12:41:07",INFO,--,"Nie udało się odnależć produktu:2544",123,/home/demostrona/domains/demo.stronazen.pl/public_html/gackade/catalog/model/checkout/statistics.php
"2013-09-03 12:47:31",INFO,--,"Nie udało się odnależć produktu:2544",123,/home/demostrona/domains/demo.stronazen.pl/public_html/gackade/catalog/model/checkout/statistics.php
"2013-09-03 13:00:13",INFO,--,"Nie udało się odnależć produktu:2544",123,/home/demostrona/domains/demo.stronazen.pl/public_html/gackade/catalog/model/checkout/statistics.php
"2013-09-03 13:28:37",INFO,--,"Nie udało się odnależć produktu:31",123,/home/demostrona/domains/demo.stronazen.pl/public_html/gackade/catalog/model/checkout/statistics.php
"2013-09-03 13:28:37",INFO,--,"Nie udało się odnależć produktu:31",123,/home/demostrona/domains/demo.stronazen.pl/public_html/gackade/catalog/model/checkout/statistics.php
"2013-09-03 13:28:37",INFO,--,"Nie udało się odnależć produktu:31",123,/home/demostrona/domains/demo.stronazen.pl/public_html/gackade/catalog/model/checkout/statistics.php
"2013-09-03 13:28:37",INFO,--,"Nie udało się odnależć produktu:2544",123,/home/demostrona/domains/demo.stronazen.pl/public_html/gackade/catalog/model/checkout/statistics.php
"2013-09-06 13:25:57",INFO,--,"Nie udało się odnależć produktu:8",123,/home/demostrona/domains/demo.stronazen.pl/public_html/gackade/catalog/model/checkout/statistics.php
"2013-09-06 13:25:57",INFO,--,"Nie udało się odnależć produktu:8",123,/home/demostrona/domains/demo.stronazen.pl/public_html/gackade/catalog/model/checkout/statistics.php
"2013-09-06 13:25:57",INFO,--,"Nie udało się odnależć produktu:8",123,/home/demostrona/domains/demo.stronazen.pl/public_html/gackade/catalog/model/checkout/statistics.php
"2013-09-06 13:25:57",INFO,--,"Nie udało się odnależć produktu:8",123,/home/demostrona/domains/demo.stronazen.pl/public_html/gackade/catalog/model/checkout/statistics.php
"2013-09-06 13:57:19",INFO,--,"Nie udało się odnależć produktu:8",123,/home/demostrona/domains/demo.stronazen.pl/public_html/gackade/catalog/model/checkout/statistics.php
"2013-09-06 13:57:19",INFO,--,"Nie udało się odnależć produktu:8",123,/home/demostrona/domains/demo.stronazen.pl/public_html/gackade/catalog/model/checkout/statistics.php
"2013-09-06 13:57:19",INFO,--,"Nie udało się odnależć produktu:8",123,/home/demostrona/domains/demo.stronazen.pl/public_html/gackade/catalog/model/checkout/statistics.php
"2013-09-06 13:57:19",INFO,--,"Nie udało się odnależć produktu:8",123,/home/demostrona/domains/demo.stronazen.pl/public_html/gackade/catalog/model/checkout/statistics.php
"2013-09-06 14:43:41",INFO,--,"Nie udało się odnależć produktu:8",123,/home/demostrona/domains/demo.stronazen.pl/public_html/gackade/catalog/model/checkout/statistics.php
"2013-09-06 14:43:41",INFO,--,"Nie udało się odnależć produktu:8",123,/home/demostrona/domains/demo.stronazen.pl/public_html/gackade/catalog/model/checkout/statistics.php
"2013-09-06 14:43:41",INFO,--,"Nie udało się odnależć produktu:8",123,/home/demostrona/domains/demo.stronazen.pl/public_html/gackade/catalog/model/checkout/statistics.php
"2013-09-06 14:43:41",INFO,--,"Nie udało się odnależć produktu:8",123,/home/demostrona/domains/demo.stronazen.pl/public_html/gackade/catalog/model/checkout/statistics.php
"2013-09-06 14:43:43",INFO,--,"Nie udało się odnależć produktu:8",123,/home/demostrona/domains/demo.stronazen.pl/public_html/gackade/catalog/model/checkout/statistics.php
"2013-09-06 14:43:43",INFO,--,"Nie udało się odnależć produktu:8",123,/home/demostrona/domains/demo.stronazen.pl/public_html/gackade/catalog/model/checkout/statistics.php
"2013-09-06 14:43:43",INFO,--,"Nie udało się odnależć produktu:8",123,/home/demostrona/domains/demo.stronazen.pl/public_html/gackade/catalog/model/checkout/statistics.php
"2013-09-06 14:43:43",INFO,--,"Nie udało się odnależć produktu:8",123,/home/demostrona/domains/demo.stronazen.pl/public_html/gackade/catalog/model/checkout/statistics.php
"2013-09-06 15:49:19",INFO,--,"Nie udało się odnależć produktu:8",123,/home/demostrona/domains/demo.stronazen.pl/public_html/gackade/catalog/model/checkout/statistics.php
"2013-09-06 15:49:19",INFO,--,"Nie udało się odnależć produktu:8",123,/home/demostrona/domains/demo.stronazen.pl/public_html/gackade/catalog/model/checkout/statistics.php
"2013-09-06 15:49:19",INFO,--,"Nie udało się odnależć produktu:8",123,/home/demostrona/domains/demo.stronazen.pl/public_html/gackade/catalog/model/checkout/statistics.php
"2013-09-06 15:49:19",INFO,--,"Nie udało się odnależć produktu:8",123,/home/demostrona/domains/demo.stronazen.pl/public_html/gackade/catalog/model/checkout/statistics.php
"2013-09-06 15:51:38",INFO,--,"Nie udało się odnależć produktu:8",123,/home/demostrona/domains/demo.stronazen.pl/public_html/gackade/catalog/model/checkout/statistics.php
"2013-09-06 15:51:38",INFO,--,"Nie udało się odnależć produktu:8",123,/home/demostrona/domains/demo.stronazen.pl/public_html/gackade/catalog/model/checkout/statistics.php
"2013-09-06 15:51:38",INFO,--,"Nie udało się odnależć produktu:8",123,/home/demostrona/domains/demo.stronazen.pl/public_html/gackade/catalog/model/checkout/statistics.php
"2013-09-06 15:51:38",INFO,--,"Nie udało się odnależć produktu:8",123,/home/demostrona/domains/demo.stronazen.pl/public_html/gackade/catalog/model/checkout/statistics.php
"2013-09-06 16:04:47",INFO,--,"Nie udało się odnależć produktu:8",123,/home/demostrona/domains/demo.stronazen.pl/public_html/gackade/catalog/model/checkout/statistics.php
"2013-09-06 16:04:47",INFO,--,"Nie udało się odnależć produktu:8",123,/home/demostrona/domains/demo.stronazen.pl/public_html/gackade/catalog/model/checkout/statistics.php
"2013-09-06 16:04:47",INFO,--,"Nie udało się odnależć produktu:8",123,/home/demostrona/domains/demo.stronazen.pl/public_html/gackade/catalog/model/checkout/statistics.php
"2013-09-06 16:04:47",INFO,--,"Nie udało się odnależć produktu:8",123,/home/demostrona/domains/demo.stronazen.pl/public_html/gackade/catalog/model/checkout/statistics.php
"2013-09-06 16:10:13",INFO,--,"Nie udało się odnależć produktu:8",123,/home/demostrona/domains/demo.stronazen.pl/public_html/gackade/catalog/model/checkout/statistics.php
"2013-09-06 16:10:13",INFO,--,"Nie udało się odnależć produktu:8",123,/home/demostrona/domains/demo.stronazen.pl/public_html/gackade/catalog/model/checkout/statistics.php
"2013-09-06 16:10:13",INFO,--,"Nie udało się odnależć produktu:8",123,/home/demostrona/domains/demo.stronazen.pl/public_html/gackade/catalog/model/checkout/statistics.php
"2013-09-06 16:10:13",INFO,--,"Nie udało się odnależć produktu:8",123,/home/demostrona/domains/demo.stronazen.pl/public_html/gackade/catalog/model/checkout/statistics.php
"2013-09-06 16:10:54",INFO,--,"Nie udało się odnależć produktu:8",123,/home/demostrona/domains/demo.stronazen.pl/public_html/gackade/catalog/model/checkout/statistics.php
"2013-09-06 16:10:54",INFO,--,"Nie udało się odnależć produktu:8",123,/home/demostrona/domains/demo.stronazen.pl/public_html/gackade/catalog/model/checkout/statistics.php
"2013-09-06 16:10:54",INFO,--,"Nie udało się odnależć produktu:8",123,/home/demostrona/domains/demo.stronazen.pl/public_html/gackade/catalog/model/checkout/statistics.php
"2013-09-06 16:10:54",INFO,--,"Nie udało się odnależć produktu:8",123,/home/demostrona/domains/demo.stronazen.pl/public_html/gackade/catalog/model/checkout/statistics.php
"2013-09-06 16:12:10",INFO,--,"Nie udało się odnależć produktu:8",123,/home/demostrona/domains/demo.stronazen.pl/public_html/gackade/catalog/model/checkout/statistics.php
"2013-09-06 16:12:10",INFO,--,"Nie udało się odnależć produktu:8",123,/home/demostrona/domains/demo.stronazen.pl/public_html/gackade/catalog/model/checkout/statistics.php
"2013-09-06 16:12:10",INFO,--,"Nie udało się odnależć produktu:8",123,/home/demostrona/domains/demo.stronazen.pl/public_html/gackade/catalog/model/checkout/statistics.php
"2013-09-06 16:12:10",INFO,--,"Nie udało się odnależć produktu:8",123,/home/demostrona/domains/demo.stronazen.pl/public_html/gackade/catalog/model/checkout/statistics.php
"2013-09-06 16:38:03",INFO,--,"Nie udało się odnależć produktu:8",123,/home/demostrona/domains/demo.stronazen.pl/public_html/gackade/catalog/model/checkout/statistics.php
"2013-09-06 16:38:03",INFO,--,"Nie udało się odnależć produktu:8",123,/home/demostrona/domains/demo.stronazen.pl/public_html/gackade/catalog/model/checkout/statistics.php
"2013-09-06 16:38:03",INFO,--,"Nie udało się odnależć produktu:8",123,/home/demostrona/domains/demo.stronazen.pl/public_html/gackade/catalog/model/checkout/statistics.php
"2013-09-06 16:38:03",INFO,--,"Nie udało się odnależć produktu:8",123,/home/demostrona/domains/demo.stronazen.pl/public_html/gackade/catalog/model/checkout/statistics.php
"2013-09-06 16:42:55",INFO,--,"Nie udało się odnależć produktu:8",123,/home/demostrona/domains/demo.stronazen.pl/public_html/gackade/catalog/model/checkout/statistics.php
"2013-09-06 16:42:55",INFO,--,"Nie udało się odnależć produktu:8",123,/home/demostrona/domains/demo.stronazen.pl/public_html/gackade/catalog/model/checkout/statistics.php
"2013-09-06 16:42:55",INFO,--,"Nie udało się odnależć produktu:8",123,/home/demostrona/domains/demo.stronazen.pl/public_html/gackade/catalog/model/checkout/statistics.php
"2013-09-06 16:42:55",INFO,--,"Nie udało się odnależć produktu:8",123,/home/demostrona/domains/demo.stronazen.pl/public_html/gackade/catalog/model/checkout/statistics.php
"2013-09-09 14:20:21",INFO,--,"Nie udało się odnależć produktu:8",123,/home/demostrona/domains/demo.stronazen.pl/public_html/gackade/catalog/model/checkout/statistics.php
"2013-09-09 14:20:21",INFO,--,"Nie udało się odnależć produktu:8",123,/home/demostrona/domains/demo.stronazen.pl/public_html/gackade/catalog/model/checkout/statistics.php
"2013-09-09 14:20:21",INFO,--,"Nie udało się odnależć produktu:8",123,/home/demostrona/domains/demo.stronazen.pl/public_html/gackade/catalog/model/checkout/statistics.php
"2013-09-09 14:20:21",INFO,--,"Nie udało się odnależć produktu:8",123,/home/demostrona/domains/demo.stronazen.pl/public_html/gackade/catalog/model/checkout/statistics.php
"2013-09-09 17:19:11",INFO,--,"Nie udało się odnależć produktu:8",123,/home/demostrona/domains/demo.stronazen.pl/public_html/gackade/catalog/model/checkout/statistics.php
"2013-09-09 17:19:11",INFO,--,"Nie udało się odnależć produktu:8",123,/home/demostrona/domains/demo.stronazen.pl/public_html/gackade/catalog/model/checkout/statistics.php
"2013-09-09 17:19:11",INFO,--,"Nie udało się odnależć produktu:8",123,/home/demostrona/domains/demo.stronazen.pl/public_html/gackade/catalog/model/checkout/statistics.php
"2013-09-09 17:19:11",INFO,--,"Nie udało się odnależć produktu:8",123,/home/demostrona/domains/demo.stronazen.pl/public_html/gackade/catalog/model/checkout/statistics.php
"2013-09-10 06:35:29",INFO,--,"Nie udało się odnależć produktu:8",123,/home/demostrona/domains/demo.stronazen.pl/public_html/gackade/catalog/model/checkout/statistics.php
"2013-09-10 06:35:29",INFO,--,"Nie udało się odnależć produktu:8",123,/home/demostrona/domains/demo.stronazen.pl/public_html/gackade/catalog/model/checkout/statistics.php
"2013-09-10 06:35:29",INFO,--,"Nie udało się odnależć produktu:8",123,/home/demostrona/domains/demo.stronazen.pl/public_html/gackade/catalog/model/checkout/statistics.php
"2013-09-10 06:35:29",INFO,--,"Nie udało się odnależć produktu:8",123,/home/demostrona/domains/demo.stronazen.pl/public_html/gackade/catalog/model/checkout/statistics.php
"2013-09-10 06:35:44",INFO,--,"Nie udało się odnależć produktu:8",123,/home/demostrona/domains/demo.stronazen.pl/public_html/gackade/catalog/model/checkout/statistics.php
"2013-09-10 06:35:44",INFO,--,"Nie udało się odnależć produktu:8",123,/home/demostrona/domains/demo.stronazen.pl/public_html/gackade/catalog/model/checkout/statistics.php
"2013-09-10 06:35:44",INFO,--,"Nie udało się odnależć produktu:8",123,/home/demostrona/domains/demo.stronazen.pl/public_html/gackade/catalog/model/checkout/statistics.php
"2013-09-10 06:35:44",INFO,--,"Nie udało się odnależć produktu:8",123,/home/demostrona/domains/demo.stronazen.pl/public_html/gackade/catalog/model/checkout/statistics.php
"2013-09-10 06:37:56",INFO,--,"Nie udało się odnależć produktu:8",123,/home/demostrona/domains/demo.stronazen.pl/public_html/gackade/catalog/model/checkout/statistics.php
"2013-09-10 06:37:56",INFO,--,"Nie udało się odnależć produktu:8",123,/home/demostrona/domains/demo.stronazen.pl/public_html/gackade/catalog/model/checkout/statistics.php
"2013-09-10 06:37:56",INFO,--,"Nie udało się odnależć produktu:8",123,/home/demostrona/domains/demo.stronazen.pl/public_html/gackade/catalog/model/checkout/statistics.php
"2013-09-10 06:37:56",INFO,--,"Nie udało się odnależć produktu:8",123,/home/demostrona/domains/demo.stronazen.pl/public_html/gackade/catalog/model/checkout/statistics.php
"2013-09-10 07:30:04",INFO,--,"Nie udało się odnależć produktu:8",123,/home/demostrona/domains/demo.stronazen.pl/public_html/gackade/catalog/model/checkout/statistics.php
"2013-09-10 07:30:04",INFO,--,"Nie udało się odnależć produktu:8",123,/home/demostrona/domains/demo.stronazen.pl/public_html/gackade/catalog/model/checkout/statistics.php
"2013-09-10 07:30:04",INFO,--,"Nie udało się odnależć produktu:8",123,/home/demostrona/domains/demo.stronazen.pl/public_html/gackade/catalog/model/checkout/statistics.php
"2013-09-10 07:30:04",INFO,--,"Nie udało się odnależć produktu:8",123,/home/demostrona/domains/demo.stronazen.pl/public_html/gackade/catalog/model/checkout/statistics.php
"2013-09-10 12:06:26",INFO,--,"Nie udało się odnależć produktu:8",123,/home/demostrona/domains/demo.stronazen.pl/public_html/gackade/catalog/model/checkout/statistics.php
"2013-09-10 12:06:26",INFO,--,"Nie udało się odnależć produktu:8",123,/home/demostrona/domains/demo.stronazen.pl/public_html/gackade/catalog/model/checkout/statistics.php
"2013-09-10 12:06:26",INFO,--,"Nie udało się odnależć produktu:8",123,/home/demostrona/domains/demo.stronazen.pl/public_html/gackade/catalog/model/checkout/statistics.php
"2013-09-10 12:06:26",INFO,--,"Nie udało się odnależć produktu:8",123,/home/demostrona/domains/demo.stronazen.pl/public_html/gackade/catalog/model/checkout/statistics.php
"2013-09-10 12:07:06",INFO,--,"Nie udało się odnależć produktu:8",123,/home/demostrona/domains/demo.stronazen.pl/public_html/gackade/catalog/model/checkout/statistics.php
"2013-09-10 12:07:06",INFO,--,"Nie udało się odnależć produktu:8",123,/home/demostrona/domains/demo.stronazen.pl/public_html/gackade/catalog/model/checkout/statistics.php
"2013-09-10 12:07:06",INFO,--,"Nie udało się odnależć produktu:8",123,/home/demostrona/domains/demo.stronazen.pl/public_html/gackade/catalog/model/checkout/statistics.php
"2013-09-10 12:07:06",INFO,--,"Nie udało się odnależć produktu:8",123,/home/demostrona/domains/demo.stronazen.pl/public_html/gackade/catalog/model/checkout/statistics.php
"2013-09-10 12:07:32",INFO,--,"Nie udało się odnależć produktu:8",123,/home/demostrona/domains/demo.stronazen.pl/public_html/gackade/catalog/model/checkout/statistics.php
"2013-09-10 12:07:32",INFO,--,"Nie udało się odnależć produktu:8",123,/home/demostrona/domains/demo.stronazen.pl/public_html/gackade/catalog/model/checkout/statistics.php
"2013-09-10 12:07:32",INFO,--,"Nie udało się odnależć produktu:8",123,/home/demostrona/domains/demo.stronazen.pl/public_html/gackade/catalog/model/checkout/statistics.php
"2013-09-10 12:07:32",INFO,--,"Nie udało się odnależć produktu:8",123,/home/demostrona/domains/demo.stronazen.pl/public_html/gackade/catalog/model/checkout/statistics.php
"2013-09-10 12:07:39",INFO,--,"Nie udało się odnależć produktu:8",123,/home/demostrona/domains/demo.stronazen.pl/public_html/gackade/catalog/model/checkout/statistics.php
"2013-09-10 12:07:39",INFO,--,"Nie udało się odnależć produktu:8",123,/home/demostrona/domains/demo.stronazen.pl/public_html/gackade/catalog/model/checkout/statistics.php
"2013-09-10 12:07:39",INFO,--,"Nie udało się odnależć produktu:8",123,/home/demostrona/domains/demo.stronazen.pl/public_html/gackade/catalog/model/checkout/statistics.php
"2013-09-10 12:07:39",INFO,--,"Nie udało się odnależć produktu:8",123,/home/demostrona/domains/demo.stronazen.pl/public_html/gackade/catalog/model/checkout/statistics.php
"2013-09-10 12:27:20",INFO,--,"Nie udało się odnależć produktu:8",123,/home/demostrona/domains/demo.stronazen.pl/public_html/gackade/catalog/model/checkout/statistics.php
"2013-09-10 12:27:20",INFO,--,"Nie udało się odnależć produktu:8",123,/home/demostrona/domains/demo.stronazen.pl/public_html/gackade/catalog/model/checkout/statistics.php
"2013-09-10 12:27:20",INFO,--,"Nie udało się odnależć produktu:8",123,/home/demostrona/domains/demo.stronazen.pl/public_html/gackade/catalog/model/checkout/statistics.php
"2013-09-10 12:27:20",INFO,--,"Nie udało się odnależć produktu:8",123,/home/demostrona/domains/demo.stronazen.pl/public_html/gackade/catalog/model/checkout/statistics.php
"2013-09-10 12:29:24",INFO,--,"Nie udało się odnależć produktu:8",123,/home/demostrona/domains/demo.stronazen.pl/public_html/gackade/catalog/model/checkout/statistics.php
"2013-09-10 12:29:24",INFO,--,"Nie udało się odnależć produktu:8",123,/home/demostrona/domains/demo.stronazen.pl/public_html/gackade/catalog/model/checkout/statistics.php
"2013-09-10 12:29:24",INFO,--,"Nie udało się odnależć produktu:8",123,/home/demostrona/domains/demo.stronazen.pl/public_html/gackade/catalog/model/checkout/statistics.php
"2013-09-10 12:29:24",INFO,--,"Nie udało się odnależć produktu:8",123,/home/demostrona/domains/demo.stronazen.pl/public_html/gackade/catalog/model/checkout/statistics.php
"2013-09-10 13:27:06",INFO,--,"Nie udało się odnależć produktu:8",123,/home/demostrona/domains/demo.stronazen.pl/public_html/gackade/catalog/model/checkout/statistics.php
"2013-09-10 13:27:06",INFO,--,"Nie udało się odnależć produktu:8",123,/home/demostrona/domains/demo.stronazen.pl/public_html/gackade/catalog/model/checkout/statistics.php
"2013-09-10 13:27:06",INFO,--,"Nie udało się odnależć produktu:8",123,/home/demostrona/domains/demo.stronazen.pl/public_html/gackade/catalog/model/checkout/statistics.php
"2013-09-10 13:27:06",INFO,--,"Nie udało się odnależć produktu:8",123,/home/demostrona/domains/demo.stronazen.pl/public_html/gackade/catalog/model/checkout/statistics.php
"2013-09-10 14:33:10",INFO,--,"Nie udało się odnależć produktu:8",123,/home/demostrona/domains/demo.stronazen.pl/public_html/gackade/catalog/model/checkout/statistics.php
"2013-09-10 14:33:10",INFO,--,"Nie udało się odnależć produktu:8",123,/home/demostrona/domains/demo.stronazen.pl/public_html/gackade/catalog/model/checkout/statistics.php
"2013-09-10 14:33:10",INFO,--,"Nie udało się odnależć produktu:8",123,/home/demostrona/domains/demo.stronazen.pl/public_html/gackade/catalog/model/checkout/statistics.php
"2013-09-10 14:33:10",INFO,--,"Nie udało się odnależć produktu:8",123,/home/demostrona/domains/demo.stronazen.pl/public_html/gackade/catalog/model/checkout/statistics.php
"2013-09-10 14:33:38",INFO,--,"Nie udało się odnależć produktu:8",123,/home/demostrona/domains/demo.stronazen.pl/public_html/gackade/catalog/model/checkout/statistics.php
"2013-09-10 14:33:38",INFO,--,"Nie udało się odnależć produktu:8",123,/home/demostrona/domains/demo.stronazen.pl/public_html/gackade/catalog/model/checkout/statistics.php
"2013-09-10 14:33:38",INFO,--,"Nie udało się odnależć produktu:8",123,/home/demostrona/domains/demo.stronazen.pl/public_html/gackade/catalog/model/checkout/statistics.php
"2013-09-10 14:33:38",INFO,--,"Nie udało się odnależć produktu:8",123,/home/demostrona/domains/demo.stronazen.pl/public_html/gackade/catalog/model/checkout/statistics.php
"2013-09-10 15:32:10",INFO,--,"Nie udało się odnależć produktu:8",123,/home/demostrona/domains/demo.stronazen.pl/public_html/gackade/catalog/model/checkout/statistics.php
"2013-09-10 15:32:10",INFO,--,"Nie udało się odnależć produktu:8",123,/home/demostrona/domains/demo.stronazen.pl/public_html/gackade/catalog/model/checkout/statistics.php
"2013-09-10 15:32:10",INFO,--,"Nie udało się odnależć produktu:8",123,/home/demostrona/domains/demo.stronazen.pl/public_html/gackade/catalog/model/checkout/statistics.php
"2013-09-10 15:32:10",INFO,--,"Nie udało się odnależć produktu:8",123,/home/demostrona/domains/demo.stronazen.pl/public_html/gackade/catalog/model/checkout/statistics.php
"2013-09-11 10:26:54",INFO,--,"Nie udało się odnależć produktu:8",123,/home/demostrona/domains/demo.stronazen.pl/public_html/gackade/catalog/model/checkout/statistics.php
"2013-09-11 10:26:54",INFO,--,"Nie udało się odnależć produktu:8",123,/home/demostrona/domains/demo.stronazen.pl/public_html/gackade/catalog/model/checkout/statistics.php
"2013-09-11 10:26:54",INFO,--,"Nie udało się odnależć produktu:8",123,/home/demostrona/domains/demo.stronazen.pl/public_html/gackade/catalog/model/checkout/statistics.php
"2013-09-11 10:26:54",INFO,--,"Nie udało się odnależć produktu:8",123,/home/demostrona/domains/demo.stronazen.pl/public_html/gackade/catalog/model/checkout/statistics.php
"2013-09-11 10:27:22",INFO,--,"Nie udało się odnależć produktu:8",123,/home/demostrona/domains/demo.stronazen.pl/public_html/gackade/catalog/model/checkout/statistics.php
"2013-09-11 10:27:22",INFO,--,"Nie udało się odnależć produktu:8",123,/home/demostrona/domains/demo.stronazen.pl/public_html/gackade/catalog/model/checkout/statistics.php
"2013-09-11 10:27:22",INFO,--,"Nie udało się odnależć produktu:8",123,/home/demostrona/domains/demo.stronazen.pl/public_html/gackade/catalog/model/checkout/statistics.php
"2013-09-11 10:27:22",INFO,--,"Nie udało się odnależć produktu:8",123,/home/demostrona/domains/demo.stronazen.pl/public_html/gackade/catalog/model/checkout/statistics.php
"2013-09-11 20:01:19",INFO,--,"Nie udało się odnależć produktu:8",123,/home/demostrona/domains/demo.stronazen.pl/public_html/gackade/catalog/model/checkout/statistics.php
"2013-09-11 20:01:19",INFO,--,"Nie udało się odnależć produktu:8",123,/home/demostrona/domains/demo.stronazen.pl/public_html/gackade/catalog/model/checkout/statistics.php
"2013-09-11 20:01:19",INFO,--,"Nie udało się odnależć produktu:8",123,/home/demostrona/domains/demo.stronazen.pl/public_html/gackade/catalog/model/checkout/statistics.php
"2013-09-11 20:01:19",INFO,--,"Nie udało się odnależć produktu:8",123,/home/demostrona/domains/demo.stronazen.pl/public_html/gackade/catalog/model/checkout/statistics.php
"2013-09-13 06:39:04",INFO,--,"Nie udało się odnależć produktu:8",123,/home/demostrona/domains/demo.stronazen.pl/public_html/gackade/catalog/model/checkout/statistics.php
"2013-09-13 06:39:04",INFO,--,"Nie udało się odnależć produktu:8",123,/home/demostrona/domains/demo.stronazen.pl/public_html/gackade/catalog/model/checkout/statistics.php
"2013-09-13 06:39:04",INFO,--,"Nie udało się odnależć produktu:8",123,/home/demostrona/domains/demo.stronazen.pl/public_html/gackade/catalog/model/checkout/statistics.php
"2013-09-13 06:39:04",INFO,--,"Nie udało się odnależć produktu:8",123,/home/demostrona/domains/demo.stronazen.pl/public_html/gackade/catalog/model/checkout/statistics.php
"2013-09-13 06:39:37",INFO,--,"Nie udało się odnależć produktu:8",123,/home/demostrona/domains/demo.stronazen.pl/public_html/gackade/catalog/model/checkout/statistics.php
"2013-09-13 06:39:37",INFO,--,"Nie udało się odnależć produktu:8",123,/home/demostrona/domains/demo.stronazen.pl/public_html/gackade/catalog/model/checkout/statistics.php
"2013-09-13 06:39:37",INFO,--,"Nie udało się odnależć produktu:8",123,/home/demostrona/domains/demo.stronazen.pl/public_html/gackade/catalog/model/checkout/statistics.php
"2013-09-13 06:39:37",INFO,--,"Nie udało się odnależć produktu:8",123,/home/demostrona/domains/demo.stronazen.pl/public_html/gackade/catalog/model/checkout/statistics.php
"2013-09-13 11:04:52",INFO,--,"Nie udało się odnależć produktu:8",123,/home/demostrona/domains/demo.stronazen.pl/public_html/gackade/catalog/model/checkout/statistics.php
"2013-09-13 11:04:52",INFO,--,"Nie udało się odnależć produktu:8",123,/home/demostrona/domains/demo.stronazen.pl/public_html/gackade/catalog/model/checkout/statistics.php
"2013-09-13 11:04:52",INFO,--,"Nie udało się odnależć produktu:8",123,/home/demostrona/domains/demo.stronazen.pl/public_html/gackade/catalog/model/checkout/statistics.php
"2013-09-13 11:04:52",INFO,--,"Nie udało się odnależć produktu:8",123,/home/demostrona/domains/demo.stronazen.pl/public_html/gackade/catalog/model/checkout/statistics.php
"2013-09-13 11:05:03",INFO,--,"Nie udało się odnależć produktu:8",123,/home/demostrona/domains/demo.stronazen.pl/public_html/gackade/catalog/model/checkout/statistics.php
"2013-09-13 11:05:03",INFO,--,"Nie udało się odnależć produktu:8",123,/home/demostrona/domains/demo.stronazen.pl/public_html/gackade/catalog/model/checkout/statistics.php
"2013-09-13 11:05:03",INFO,--,"Nie udało się odnależć produktu:8",123,/home/demostrona/domains/demo.stronazen.pl/public_html/gackade/catalog/model/checkout/statistics.php
"2013-09-13 11:05:03",INFO,--,"Nie udało się odnależć produktu:8",123,/home/demostrona/domains/demo.stronazen.pl/public_html/gackade/catalog/model/checkout/statistics.php
"2013-09-13 11:05:21",INFO,--,"Nie udało się odnależć produktu:8",123,/home/demostrona/domains/demo.stronazen.pl/public_html/gackade/catalog/model/checkout/statistics.php
"2013-09-13 11:05:21",INFO,--,"Nie udało się odnależć produktu:8",123,/home/demostrona/domains/demo.stronazen.pl/public_html/gackade/catalog/model/checkout/statistics.php
"2013-09-13 11:05:21",INFO,--,"Nie udało się odnależć produktu:8",123,/home/demostrona/domains/demo.stronazen.pl/public_html/gackade/catalog/model/checkout/statistics.php
"2013-09-13 11:05:21",INFO,--,"Nie udało się odnależć produktu:8",123,/home/demostrona/domains/demo.stronazen.pl/public_html/gackade/catalog/model/checkout/statistics.php
"2013-09-13 11:05:45",INFO,--,"Nie udało się odnależć produktu:8",123,/home/demostrona/domains/demo.stronazen.pl/public_html/gackade/catalog/model/checkout/statistics.php
"2013-09-13 11:05:45",INFO,--,"Nie udało się odnależć produktu:8",123,/home/demostrona/domains/demo.stronazen.pl/public_html/gackade/catalog/model/checkout/statistics.php
"2013-09-13 11:05:45",INFO,--,"Nie udało się odnależć produktu:8",123,/home/demostrona/domains/demo.stronazen.pl/public_html/gackade/catalog/model/checkout/statistics.php
"2013-09-13 11:05:45",INFO,--,"Nie udało się odnależć produktu:8",123,/home/demostrona/domains/demo.stronazen.pl/public_html/gackade/catalog/model/checkout/statistics.php
"2013-09-13 16:15:15",INFO,--,"Nie udało się odnależć produktu:8",123,/home/demostrona/domains/demo.stronazen.pl/public_html/gackade/catalog/model/checkout/statistics.php
"2013-09-13 16:15:15",INFO,--,"Nie udało się odnależć produktu:8",123,/home/demostrona/domains/demo.stronazen.pl/public_html/gackade/catalog/model/checkout/statistics.php
"2013-09-13 16:15:15",INFO,--,"Nie udało się odnależć produktu:8",123,/home/demostrona/domains/demo.stronazen.pl/public_html/gackade/catalog/model/checkout/statistics.php
"2013-09-13 16:15:15",INFO,--,"Nie udało się odnależć produktu:8",123,/home/demostrona/domains/demo.stronazen.pl/public_html/gackade/catalog/model/checkout/statistics.php
"2013-09-14 16:32:22",INFO,--,"Nie udało się odnależć produktu:8",123,/home/demostrona/domains/demo.stronazen.pl/public_html/gackade/catalog/model/checkout/statistics.php
"2013-09-14 16:32:22",INFO,--,"Nie udało się odnależć produktu:8",123,/home/demostrona/domains/demo.stronazen.pl/public_html/gackade/catalog/model/checkout/statistics.php
"2013-09-14 16:32:22",INFO,--,"Nie udało się odnależć produktu:8",123,/home/demostrona/domains/demo.stronazen.pl/public_html/gackade/catalog/model/checkout/statistics.php
"2013-09-14 16:32:22",INFO,--,"Nie udało się odnależć produktu:8",123,/home/demostrona/domains/demo.stronazen.pl/public_html/gackade/catalog/model/checkout/statistics.php
"2013-09-14 17:42:29",INFO,--,"Nie udało się odnależć produktu:8",123,/home/demostrona/domains/demo.stronazen.pl/public_html/gackade/catalog/model/checkout/statistics.php
"2013-09-14 17:42:29",INFO,--,"Nie udało się odnależć produktu:8",123,/home/demostrona/domains/demo.stronazen.pl/public_html/gackade/catalog/model/checkout/statistics.php
"2013-09-14 17:42:29",INFO,--,"Nie udało się odnależć produktu:8",123,/home/demostrona/domains/demo.stronazen.pl/public_html/gackade/catalog/model/checkout/statistics.php
"2013-09-14 17:42:29",INFO,--,"Nie udało się odnależć produktu:8",123,/home/demostrona/domains/demo.stronazen.pl/public_html/gackade/catalog/model/checkout/statistics.php
"2013-09-15 11:43:49",INFO,--,"Nie udało się odnależć produktu:8",123,/home/demostrona/domains/demo.stronazen.pl/public_html/gackade/catalog/model/checkout/statistics.php
"2013-09-15 11:43:49",INFO,--,"Nie udało się odnależć produktu:8",123,/home/demostrona/domains/demo.stronazen.pl/public_html/gackade/catalog/model/checkout/statistics.php
"2013-09-15 11:43:49",INFO,--,"Nie udało się odnależć produktu:8",123,/home/demostrona/domains/demo.stronazen.pl/public_html/gackade/catalog/model/checkout/statistics.php
"2013-09-15 11:43:49",INFO,--,"Nie udało się odnależć produktu:8",123,/home/demostrona/domains/demo.stronazen.pl/public_html/gackade/catalog/model/checkout/statistics.php
"2013-09-15 11:44:03",INFO,--,"Nie udało się odnależć produktu:8",123,/home/demostrona/domains/demo.stronazen.pl/public_html/gackade/catalog/model/checkout/statistics.php
"2013-09-15 11:44:03",INFO,--,"Nie udało się odnależć produktu:8",123,/home/demostrona/domains/demo.stronazen.pl/public_html/gackade/catalog/model/checkout/statistics.php
"2013-09-15 11:44:03",INFO,--,"Nie udało się odnależć produktu:8",123,/home/demostrona/domains/demo.stronazen.pl/public_html/gackade/catalog/model/checkout/statistics.php
"2013-09-15 11:44:03",INFO,--,"Nie udało się odnależć produktu:8",123,/home/demostrona/domains/demo.stronazen.pl/public_html/gackade/catalog/model/checkout/statistics.php
"2013-09-15 12:01:02",INFO,--,"Nie udało się odnależć produktu:8",123,/home/demostrona/domains/demo.stronazen.pl/public_html/gackade/catalog/model/checkout/statistics.php
"2013-09-15 12:01:02",INFO,--,"Nie udało się odnależć produktu:8",123,/home/demostrona/domains/demo.stronazen.pl/public_html/gackade/catalog/model/checkout/statistics.php
"2013-09-15 12:01:02",INFO,--,"Nie udało się odnależć produktu:8",123,/home/demostrona/domains/demo.stronazen.pl/public_html/gackade/catalog/model/checkout/statistics.php
"2013-09-15 12:01:02",INFO,--,"Nie udało się odnależć produktu:8",123,/home/demostrona/domains/demo.stronazen.pl/public_html/gackade/catalog/model/checkout/statistics.php
"2013-09-16 09:05:21",INFO,--,"Nie udało się odnależć produktu:8",123,/home/demostrona/domains/demo.stronazen.pl/public_html/gackade/catalog/model/checkout/statistics.php
"2013-09-16 09:05:21",INFO,--,"Nie udało się odnależć produktu:8",123,/home/demostrona/domains/demo.stronazen.pl/public_html/gackade/catalog/model/checkout/statistics.php
"2013-09-16 09:05:21",INFO,--,"Nie udało się odnależć produktu:8",123,/home/demostrona/domains/demo.stronazen.pl/public_html/gackade/catalog/model/checkout/statistics.php
"2013-09-16 09:05:21",INFO,--,"Nie udało się odnależć produktu:8",123,/home/demostrona/domains/demo.stronazen.pl/public_html/gackade/catalog/model/checkout/statistics.php
"2013-09-16 10:49:38",INFO,--,"Nie udało się odnależć produktu:8",123,/home/demostrona/domains/demo.stronazen.pl/public_html/gackade/catalog/model/checkout/statistics.php
"2013-09-16 10:49:38",INFO,--,"Nie udało się odnależć produktu:8",123,/home/demostrona/domains/demo.stronazen.pl/public_html/gackade/catalog/model/checkout/statistics.php
"2013-09-16 10:49:38",INFO,--,"Nie udało się odnależć produktu:8",123,/home/demostrona/domains/demo.stronazen.pl/public_html/gackade/catalog/model/checkout/statistics.php
"2013-09-16 12:05:11",INFO,--,"Nie udało się odnależć produktu:8",123,/home/demostrona/domains/demo.stronazen.pl/public_html/gackade/catalog/model/checkout/statistics.php
"2013-09-16 12:05:11",INFO,--,"Nie udało się odnależć produktu:8",123,/home/demostrona/domains/demo.stronazen.pl/public_html/gackade/catalog/model/checkout/statistics.php
"2013-09-16 12:05:11",INFO,--,"Nie udało się odnależć produktu:8",123,/home/demostrona/domains/demo.stronazen.pl/public_html/gackade/catalog/model/checkout/statistics.php
"2013-09-16 21:09:55",INFO,--,"Nie udało się odnależć produktu:8",123,/home/demostrona/domains/demo.stronazen.pl/public_html/gackade/catalog/model/checkout/statistics.php
"2013-09-16 21:09:55",INFO,--,"Nie udało się odnależć produktu:8",123,/home/demostrona/domains/demo.stronazen.pl/public_html/gackade/catalog/model/checkout/statistics.php
"2013-09-16 21:09:55",INFO,--,"Nie udało się odnależć produktu:8",123,/home/demostrona/domains/demo.stronazen.pl/public_html/gackade/catalog/model/checkout/statistics.php
"2013-09-17 07:45:10",INFO,--,"Nie udało się odnależć produktu:8",123,/home/demostrona/domains/demo.stronazen.pl/public_html/gackade/catalog/model/checkout/statistics.php
"2013-09-17 07:45:10",INFO,--,"Nie udało się odnależć produktu:8",123,/home/demostrona/domains/demo.stronazen.pl/public_html/gackade/catalog/model/checkout/statistics.php
"2013-09-17 07:45:10",INFO,--,"Nie udało się odnależć produktu:8",123,/home/demostrona/domains/demo.stronazen.pl/public_html/gackade/catalog/model/checkout/statistics.php
"2013-09-17 13:53:28",INFO,--,"Nie udało się odnależć produktu:8",123,/home/demostrona/domains/demo.stronazen.pl/public_html/gackade/catalog/model/checkout/statistics.php
"2013-09-17 13:53:28",INFO,--,"Nie udało się odnależć produktu:8",123,/home/demostrona/domains/demo.stronazen.pl/public_html/gackade/catalog/model/checkout/statistics.php
"2013-09-17 13:53:28",INFO,--,"Nie udało się odnależć produktu:8",123,/home/demostrona/domains/demo.stronazen.pl/public_html/gackade/catalog/model/checkout/statistics.php
"2013-09-17 13:53:45",INFO,--,"Nie udało się odnależć produktu:8",123,/home/demostrona/domains/demo.stronazen.pl/public_html/gackade/catalog/model/checkout/statistics.php
"2013-09-17 13:53:45",INFO,--,"Nie udało się odnależć produktu:8",123,/home/demostrona/domains/demo.stronazen.pl/public_html/gackade/catalog/model/checkout/statistics.php
"2013-09-17 13:53:45",INFO,--,"Nie udało się odnależć produktu:8",123,/home/demostrona/domains/demo.stronazen.pl/public_html/gackade/catalog/model/checkout/statistics.php
"2013-09-18 06:45:00",INFO,--,"Nie udało się odnależć produktu:8",123,/home/demostrona/domains/demo.stronazen.pl/public_html/gackade/catalog/model/checkout/statistics.php
"2013-09-18 06:45:00",INFO,--,"Nie udało się odnależć produktu:8",123,/home/demostrona/domains/demo.stronazen.pl/public_html/gackade/catalog/model/checkout/statistics.php
"2013-09-18 06:45:00",INFO,--,"Nie udało się odnależć produktu:8",123,/home/demostrona/domains/demo.stronazen.pl/public_html/gackade/catalog/model/checkout/statistics.php
"2013-09-18 07:53:06",INFO,--,"Nie udało się odnależć produktu:8",123,/home/demostrona/domains/demo.stronazen.pl/public_html/gackade/catalog/model/checkout/statistics.php
"2013-09-18 07:53:06",INFO,--,"Nie udało się odnależć produktu:8",123,/home/demostrona/domains/demo.stronazen.pl/public_html/gackade/catalog/model/checkout/statistics.php
"2013-09-18 07:53:06",INFO,--,"Nie udało się odnależć produktu:8",123,/home/demostrona/domains/demo.stronazen.pl/public_html/gackade/catalog/model/checkout/statistics.php
"2013-09-18 08:02:00",INFO,--,"Nie udało się odnależć produktu:8",123,/home/demostrona/domains/demo.stronazen.pl/public_html/gackade/catalog/model/checkout/statistics.php
"2013-09-18 08:02:00",INFO,--,"Nie udało się odnależć produktu:8",123,/home/demostrona/domains/demo.stronazen.pl/public_html/gackade/catalog/model/checkout/statistics.php
"2013-09-18 08:02:00",INFO,--,"Nie udało się odnależć produktu:8",123,/home/demostrona/domains/demo.stronazen.pl/public_html/gackade/catalog/model/checkout/statistics.php
"2013-09-18 08:06:54",INFO,--,"Nie udało się odnależć produktu:8",123,/home/demostrona/domains/demo.stronazen.pl/public_html/gackade/catalog/model/checkout/statistics.php
"2013-09-18 08:06:54",INFO,--,"Nie udało się odnależć produktu:8",123,/home/demostrona/domains/demo.stronazen.pl/public_html/gackade/catalog/model/checkout/statistics.php
"2013-09-18 08:06:54",INFO,--,"Nie udało się odnależć produktu:8",123,/home/demostrona/domains/demo.stronazen.pl/public_html/gackade/catalog/model/checkout/statistics.php
"2013-09-18 08:07:30",INFO,--,"Nie udało się odnależć produktu:8",123,/home/demostrona/domains/demo.stronazen.pl/public_html/gackade/catalog/model/checkout/statistics.php
"2013-09-18 08:07:30",INFO,--,"Nie udało się odnależć produktu:8",123,/home/demostrona/domains/demo.stronazen.pl/public_html/gackade/catalog/model/checkout/statistics.php
"2013-09-18 08:07:30",INFO,--,"Nie udało się odnależć produktu:8",123,/home/demostrona/domains/demo.stronazen.pl/public_html/gackade/catalog/model/checkout/statistics.php
"2013-09-18 08:08:48",INFO,--,"Nie udało się odnależć produktu:8",123,/home/demostrona/domains/demo.stronazen.pl/public_html/gackade/catalog/model/checkout/statistics.php
"2013-09-18 08:08:48",INFO,--,"Nie udało się odnależć produktu:8",123,/home/demostrona/domains/demo.stronazen.pl/public_html/gackade/catalog/model/checkout/statistics.php
"2013-09-18 08:08:48",INFO,--,"Nie udało się odnależć produktu:8",123,/home/demostrona/domains/demo.stronazen.pl/public_html/gackade/catalog/model/checkout/statistics.php
"2013-09-18 08:09:14",INFO,--,"Nie udało się odnależć produktu:8",123,/home/demostrona/domains/demo.stronazen.pl/public_html/gackade/catalog/model/checkout/statistics.php
"2013-09-18 08:09:14",INFO,--,"Nie udało się odnależć produktu:8",123,/home/demostrona/domains/demo.stronazen.pl/public_html/gackade/catalog/model/checkout/statistics.php
"2013-09-18 08:09:14",INFO,--,"Nie udało się odnależć produktu:8",123,/home/demostrona/domains/demo.stronazen.pl/public_html/gackade/catalog/model/checkout/statistics.php
"2013-09-18 08:09:39",INFO,--,"Nie udało się odnależć produktu:8",123,/home/demostrona/domains/demo.stronazen.pl/public_html/gackade/catalog/model/checkout/statistics.php
"2013-09-18 08:09:39",INFO,--,"Nie udało się odnależć produktu:8",123,/home/demostrona/domains/demo.stronazen.pl/public_html/gackade/catalog/model/checkout/statistics.php
"2013-09-18 08:09:39",INFO,--,"Nie udało się odnależć produktu:8",123,/home/demostrona/domains/demo.stronazen.pl/public_html/gackade/catalog/model/checkout/statistics.php
"2013-09-18 08:10:05",INFO,--,"Nie udało się odnależć produktu:8",123,/home/demostrona/domains/demo.stronazen.pl/public_html/gackade/catalog/model/checkout/statistics.php
"2013-09-18 08:10:05",INFO,--,"Nie udało się odnależć produktu:8",123,/home/demostrona/domains/demo.stronazen.pl/public_html/gackade/catalog/model/checkout/statistics.php
"2013-09-18 08:10:05",INFO,--,"Nie udało się odnależć produktu:8",123,/home/demostrona/domains/demo.stronazen.pl/public_html/gackade/catalog/model/checkout/statistics.php
"2013-09-18 08:10:28",INFO,--,"Nie udało się odnależć produktu:8",123,/home/demostrona/domains/demo.stronazen.pl/public_html/gackade/catalog/model/checkout/statistics.php
"2013-09-18 08:10:28",INFO,--,"Nie udało się odnależć produktu:8",123,/home/demostrona/domains/demo.stronazen.pl/public_html/gackade/catalog/model/checkout/statistics.php
"2013-09-18 08:10:28",INFO,--,"Nie udało się odnależć produktu:8",123,/home/demostrona/domains/demo.stronazen.pl/public_html/gackade/catalog/model/checkout/statistics.php
"2013-09-18 08:13:06",INFO,--,"Nie udało się odnależć produktu:8",123,/home/demostrona/domains/demo.stronazen.pl/public_html/gackade/catalog/model/checkout/statistics.php
"2013-09-18 08:13:06",INFO,--,"Nie udało się odnależć produktu:8",123,/home/demostrona/domains/demo.stronazen.pl/public_html/gackade/catalog/model/checkout/statistics.php
"2013-09-18 08:13:06",INFO,--,"Nie udało się odnależć produktu:8",123,/home/demostrona/domains/demo.stronazen.pl/public_html/gackade/catalog/model/checkout/statistics.php
"2013-09-18 08:16:31",INFO,--,"Nie udało się odnależć produktu:8",123,/home/demostrona/domains/demo.stronazen.pl/public_html/gackade/catalog/model/checkout/statistics.php
"2013-09-18 08:16:31",INFO,--,"Nie udało się odnależć produktu:8",123,/home/demostrona/domains/demo.stronazen.pl/public_html/gackade/catalog/model/checkout/statistics.php
"2013-09-18 08:16:31",INFO,--,"Nie udało się odnależć produktu:8",123,/home/demostrona/domains/demo.stronazen.pl/public_html/gackade/catalog/model/checkout/statistics.php
"2013-09-18 09:30:06",INFO,--,"Nie udało się odnależć produktu:8",123,/home/demostrona/domains/demo.stronazen.pl/public_html/gackade/catalog/model/checkout/statistics.php
"2013-09-18 09:30:06",INFO,--,"Nie udało się odnależć produktu:8",123,/home/demostrona/domains/demo.stronazen.pl/public_html/gackade/catalog/model/checkout/statistics.php
"2013-09-18 09:30:06",INFO,--,"Nie udało się odnależć produktu:8",123,/home/demostrona/domains/demo.stronazen.pl/public_html/gackade/catalog/model/checkout/statistics.php
"2013-09-18 10:12:18",INFO,--,"Nie udało się odnależć produktu:8",123,/home/demostrona/domains/demo.stronazen.pl/public_html/gackade/catalog/model/checkout/statistics.php
"2013-09-18 10:12:18",INFO,--,"Nie udało się odnależć produktu:8",123,/home/demostrona/domains/demo.stronazen.pl/public_html/gackade/catalog/model/checkout/statistics.php
"2013-09-18 10:12:18",INFO,--,"Nie udało się odnależć produktu:8",123,/home/demostrona/domains/demo.stronazen.pl/public_html/gackade/catalog/model/checkout/statistics.php
"2013-09-18 10:48:31",INFO,--,"Nie udało się odnależć produktu:8",123,/home/demostrona/domains/demo.stronazen.pl/public_html/gackade/catalog/model/checkout/statistics.php
"2013-09-18 10:48:31",INFO,--,"Nie udało się odnależć produktu:8",123,/home/demostrona/domains/demo.stronazen.pl/public_html/gackade/catalog/model/checkout/statistics.php
"2013-09-18 10:48:31",INFO,--,"Nie udało się odnależć produktu:8",123,/home/demostrona/domains/demo.stronazen.pl/public_html/gackade/catalog/model/checkout/statistics.php
"2013-10-18 14:44:21",ERROR,sms,"wyslano sms, numer: 800900900 tresc: Twoje zam",76,/home/demostrona/domains/demo.stronazen.pl/public_html/gackade/system/library/extra/opencartsms.php
"2013-11-05 14:16:53",ERROR,sms,"wyslano sms, numer: 123132456 tresc: Twoje zam",76,/home/demostrona/domains/demo.stronazen.pl/public_html/gackade/system/library/extra/opencartsms.php
"2013-11-05 14:22:07",ERROR,sms,"wyslano sms, numer: 123465789 tresc: Twoje zam",76,/home/demostrona/domains/demo.stronazen.pl/public_html/gackade/system/library/extra/opencartsms.php
"2013-11-05 14:27:08",ERROR,sms,"wyslano sms, numer: 123465789 tresc: Twoje zam",76,/home/demostrona/domains/demo.stronazen.pl/public_html/gackade/system/library/extra/opencartsms.php
"2013-11-05 14:31:28",ERROR,sms,"wyslano sms, numer: 123465789 tresc: Twoje zam",76,/home/demostrona/domains/demo.stronazen.pl/public_html/gackade/system/library/extra/opencartsms.php
"2013-11-07 11:16:19",ERROR,sms,"wyslano sms, numer: 800900900 tresc: Twoje zam",76,/home/demostrona/domains/demo.stronazen.pl/public_html/gackade/system/library/extra/opencartsms.php
"2013-11-07 11:27:41",ERROR,sms,"wyslano sms, numer: 800900900 tresc: Twoje zam",76,/home/demostrona/domains/demo.stronazen.pl/public_html/gackade/system/library/extra/opencartsms.php
"2013-11-07 11:49:42",ERROR,sms,"wyslano sms, numer: 900900900 tresc: Twoje zam",76,/home/demostrona/domains/demo.stronazen.pl/public_html/gackade/system/library/extra/opencartsms.php
"2013-11-14 12:18:50",ERROR,sms,"wyslano sms, numer: 800900900 tresc: Twoje zam",76,/home/demostrona/domains/demo.stronazen.pl/public_html/gackade/system/library/extra/opencartsms.php
